R,HF,FCI,UCCSD,HEA,dE_UCCSD,dE_HEA,nfev_UCCSD,nfev_HEA
0.3,-0.5938277585357272,-0.6018037107656871,-0.6018037107656844,-0.6018037075759115,2.6645352591003757e-15,3.1897755548015994e-09,20,390
0.45,-0.9875131377072357,-0.9984155960160188,-0.9984155960160175,-0.9984155953471254,1.3322676295501878e-15,6.688933851251022e-10,20,286
0.6000000000000001,-1.1011282422677007,-1.1162860068695393,-1.1162860068695384,-1.1162860060658986,8.881784197001252e-16,8.036407095346476e-10,20,442
0.75,-1.1161514489386013,-1.1371170673457311,-1.1371170673457272,-1.1371170548656035,3.9968028886505635e-15,1.2480127598024637e-08,20,221
0.9000000000000001,-1.091914041020057,-1.1205602812999886,-1.120560281299974,-1.1205602609091239,1.4654943925052066e-14,2.0390864774455508e-08,20,195
1.05,-1.0516567556468375,-1.0903421765127632,-1.090342176512677,-1.090342155383333,8.615330671091215e-14,2.1129430205490962e-08,20,117
1.2000000000000002,-1.0051067065684898,-1.0567407463052574,-1.056740746304995,-1.0567404211535427,2.62456723021387e-13,3.2515171466407367e-07,20,117
1.3500000000000003,-0.9572031750747296,-1.025054362468788,-1.0250543624683535,-1.0250543191358217,4.3454129183828627e-13,4.333296632630379e-08,20,234
1.5000000000000002,-0.9108735545943865,-0.9981493534714097,-0.9981493534711976,-0.9981492296361618,2.120525977034049e-13,1.238352478338811e-07,20,130
1.6500000000000001,-0.8678043840012177,-0.9771296161660876,-0.9771296161660741,-0.9771295730564669,1.354472090042691e-14,4.31096207620385e-08,20,234
1.8000000000000003,-0.8288481479269773,-0.9618169527925807,-0.9618169527925796,-0.9618169514850917,1.1102230246251565e-15,1.3074890059527888e-09,20,221
1.9500000000000004,-0.7943179655149313,-0.9512897588020881,-0.9512897588019769,-0.9512897512612639,1.1124434706744069e-13,7.540824187302064e-09,20,117
2.1,-0.7641776516167975,-0.9443746811197424,-0.9443746811160223,-0.9443746583682824,3.7201353109139745e-12,2.2751460049263983e-08,20,273
2.25,-0.738168827244895,-0.9399817052005897,-0.9399817051852473,-0.9399814950619307,1.5342394021899963e-11,2.1013865891816863e-07,20,182
2.4000000000000004,-0.7159100604538069,-0.9372549530096289,-0.9372549529806747,-0.9372549480707125,2.8954172393014233e-11,4.938916386976189e-09,20,286
2.5500000000000003,-0.6969745007404492,-0.9355893650259991,-0.9355893649877004,-0.9355891553994732,3.829869754667925e-11,2.0962652591549613e-07,20,260
2.7,-0.6809407606225892,-0.9345844159367682,-0.9345844158948136,-0.9345843824908158,4.195466196676989e-11,3.344595245202697e-08,20,234
2.85,-0.6674172456946887,-0.9339849844401329,-0.9339849843988297,-0.9339849616188987,4.130318309591985e-11,2.28212342356926e-08,20,403
3.0,-0.656048251145591,-0.9336318445584988,-0.9336318445195364,-0.9336318297960446,3.896238887080017e-11,1.4762454147998483e-08,20,390
